"time","Low_M1","Low_M2","Low_M3","Low_M4","Low_F1","Low_F2","Low_F3","Low_F4","Births_Low","GFR_Low","Deaths_LowM1","MortRate_LowM1","Deaths_LowM2","MortRate_LowM2","Deaths_LowM3","MortRate_LowM3","Deaths_LowM4","MortRate_LowM4","Deaths_LowF1","MortRate_LowF1","Deaths_LowF2","MortRate_LowF2","Deaths_LowF3","MortRate_LowF3","Deaths_LowF4","MortRate_LowF4","Migrants_Low","MigRate_Low","EconOutput_Low","LowPop","IncomeShareBottomQuintile_Low","SmoothPoorIncome_Low","Inequality_Low","HealthCapitalExpenditures_Low","HealthServices_Low","FemaleAccessHealthFacility_Low","FemaleHealthAccess_Low","FemaleHealthAccess_PoorLow","GeneralHealthAccessQuality_Low","GeneralHealthAccess_RichLow","PoorGeneralHealthAccessQuality_Low","SmoothPoorGeneralHealth_Low","GovtExpendituresEducation_Low","EducationServices_Low","FemaleSecondaryEducation_Low","FemaleEduAttain_Low","Capital_Low","CO2EmissionPC_Low","CO2Emission_Low","NutritionConsumptionPC_Low","FishConsumption_Low","MeatConsumption_Low","CropConsumption_Low","FoodConsPC_Low","GeneralHealthAccess_PoorLow","Mid_M1","Mid_M2","Mid_M3","Mid_M4","Mid_F1","Mid_F2","Mid_F3","Mid_F4","Births_Mid","GFR_Mid","Deaths_MidM1","MortRate_MidM1","Deaths_MidM2","MortRate_MidM2","Deaths_MidM3","MortRate_MidM3","Deaths_MidM4","MortRate_MidM4","Deaths_MidF1","MortRate_MidF1","Deaths_MidF2","MortRate_MidF2","Deaths_MidF3","MortRate_MidF3","Deaths_MidF4","MortRate_MidF4","Migrants_Mid","MigRate_Mid","EconOutput_Mid","MidPop","IncomeShareBottomQuintile_Mid","SmoothPoorIncome_Mid","Inequality_Mid","HealthCapitalExpenditures_Mid","HealthServices_Mid","FemaleAccessHealthFacility_Mid","FemaleHealthAccess_Mid","FemaleHealthAccess_PoorMid","GeneralHealthAccessQuality_Mid","GeneralHealthAccess_RichMid","PoorGeneralHealthAccessQuality_Mid","SmoothPoorGeneralHealth_Mid","GovtExpendituresEducation_Mid","EducationServices_Mid","FemaleSecondaryEducation_Mid","FemaleEduAttain_Mid","Capital_Mid","CO2EmissionPC_Mid","CO2Emission_Mid","NutritionConsumptionPC_Mid","FishConsumption_Mid","MeatConsumption_Mid","CropConsumption_Mid","FoodConsPC_Mid","GeneralHealthAccess_PoorMid","High_M1","High_M2","High_M3","High_M4","High_F1","High_F2","High_F3","High_F4","Births_High","GFR_High","Deaths_HighM1","MortRate_HighM1","Deaths_HighM2","MortRate_HighM2","Deaths_HighM3","MortRate_HighM3","Deaths_HighM4","MortRate_HighM4","Deaths_HighF1","MortRate_HighF1","Deaths_HighF2","MortRate_HighF2","Deaths_HighF3","MortRate_HighF3","Deaths_HighF4","MortRate_HighF4","Migrants_High","MigRate_High","EconOutput_High","HighPop","IncomeShareBottomQuintile_High","SmoothPoorIncome_High","Inequality_High","HealthCapitalExpenditures_High","HealthServices_High","FemaleAccessHealthFacility_High","FemaleHealthAccess_High","FemaleHealthAccess_PoorHigh","GeneralHealthAccessQuality_High","GeneralHealthAccess_RichHigh","PoorGeneralHealthAccessQuality_High","SmoothPoorGeneralHealth_High","GovtExpendituresEducation_High","EducationServices_High","FemaleSecondaryEducation_High","FemaleEduAttain_High","Capital_High","CO2EmissionPC_High","CO2Emission_High","NutritionConsumptionPC_High","FishConsumption_High","MeatConsumption_High","CropConsumption_High","FoodConsPC_High","GeneralHealthAccess_PoorHigh","Fishstock","Livestock","Crops","CoalProduction","CoalReserves","OilProduction","OilReserves","GasProduction","GasReserves","CO2Conc","TempAnamoly","GrazeLand","Fisheries","CropLand","GlobalFishProduction","GlobalMeatProduction","GlobalCropProduction","GlobalMeatLoss","GlobalCropLoss","MunicipalWaterConsumption","SmoothMunicipalWaterConsumption","IndustrialWaterConsumption","SmoothIndustrialWaterConsumption","AgriculturalWaterConsumption","SmoothAgriculturalWaterConsumption","Freshwater"
1980,56303.989,55877.602,8607.003,3327.096,55517.443,57382.839,9708.443,4244.782,11191.11741,195.0255095,1469.014035,26.09076304,430.8769861,7.71108585,209.9089314,24.38815595,263.4090786,79.1708681,1330.439558,23.96435221,384.897002,6.707528047,185.3834267,19.09507288,301.5463857,71.03931031,-773.79064,-0.00308321,NA,250969.197,NA,10.20039017,0.102003902,NA,35.06668812,NA,0.209772661,NA,NA,0.144148694,NA,0.111793855,NA,150.0824284,0.028721739,0.026514286,134604,0.391676883,106507.0904,2090.2,2069355,2110117,47548964,206.1146811,0.128105513,634556.212,807166.652,150635.671,64999.386,606583.681,773664.143,153443.336,84938.656,101092.8075,130.6675622,7158.194379,11.28063085,2992.652989,3.707602366,2753.408688,18.27859676,4635.628351,71.31803293,6448.150209,10.63027314,2254.724119,2.914344861,1946.347202,12.68446876,5080.459608,59.81327992,-684.95468,-0.000209083,2.28326e+12,3275987.737,NA,7.82536644,0.078253664,NA,126.5633829,NA,0.455200828,NA,NA,0.335249776,NA,0.311133873,NA,2363.110482,0.094937143,0.094479745,472979,1.838867242,5893907.122,2369.315789,24431993,40177972,846983415,278.2651991,0.226364865,113184.646,238236.569,63334.34,42232.84,107115.674,231895.896,70988.104,62951.056,14117.58356,60.87897113,187.35248,1.65528176,565.962941,2.3756342,901.3429619,14.23150477,2737.363115,64.81598478,140.8043486,1.314507423,257.241781,1.109298549,491.4439362,6.922905508,3052.727355,48.49366395,1457.47968,0.001567285,8.9015e+12,929939.125,NA,8.710551147,0.087105511,NA,40372.22664,NA,0.975510951,NA,NA,0.638765024,NA,0.622798358,NA,19533.78165,0.186492157,0.188633544,312807,11.69168701,11250071.71,3004.456522,34634143,73349626,771904281,946.1781168,0.365597786,50347682,134247998,1116734309,NA,193097.5682,22975.70435,2655498.147,1429.551672,6922247.185,338.8,0.26,3197352800,2920353550,1452360500,70776686,135649083,2030145301,550391,126181477,219,219.4509184,713,715.1677928,2112,2116.107345,39729.27394
1981,57841.076,57101.307,8752.859,3430.786,57014.792,58603.694,9896.939,4367.176,11523.47397,196.6339182,1493.241858,25.81628768,434.8507304,7.615425168,213.9141471,24.43934572,273.2622929,79.65005479,1352.474456,23.72146611,383.1106203,6.5373118,188.4275733,19.03897491,312.0661286,71.45719077,-867.91896,-0.003377003,76048999891,257008.629,NA,9.432973102,0.094329731,NA,38.2920933,NA,0.220517908,NA,NA,0.148635514,NA,0.11601616,NA,150.1065969,NA,0.028431429,140804,0.415203112,115723.8681,2109.52,2243176,2200218,50724615,214.6543064,0.129222718,640608.41,828617.258,154464.627,67228.672,612255.579,794777.207,156948.409,87357.345,102892.8501,129.4612492,7030.227393,10.97429769,3032.711433,3.659966533,2799.125948,18.12146899,4800.083885,71.39935599,6329.766463,10.33843819,2269.274495,2.855233486,1971.41152,12.56088884,5236.424528,59.9425787,-561.12752,-0.000167889,2.4633e+12,3342257.507,NA,7.743299173,0.077432992,NA,154.12858,NA,0.467941683,NA,NA,0.341641959,NA,0.317085086,NA,2452.992655,NA,0.099582551,470863,1.815606531,5934760.85,2381.486842,25598731,42027312,886872534,285.5849901,0.228394231,112306.122,241215.762,64348.208,42696.733,106316.958,234515.251,71861.854,63773.929,14079.15051,60.03511692,182.64612,1.626323808,562.1186948,2.3303564,899.5056595,13.9787212,2763.570614,64.72557546,137.2901729,1.291329017,255.7250048,1.090440829,490.067321,6.81957525,3085.165516,48.37659471,1426.50472,0.00152236,9.03947e+12,937034.817,NA,8.492082998,0.08492083,NA,42146.21895,NA,0.97609098,NA,NA,0.644947882,NA,0.628806042,NA,20032.11023,NA,0.194458908,312073,11.12246152,10792547.25,2994.608696,36084275,73698322,841427720,1015.12804,0.367616697,52835834,136434158,1145294492,3913.89328,189183.6749,21734.47988,2633763.667,1454.370746,6920792.815,339.99,0.3,3201006500,2920346550,1450236000,73633789,138217169,2117586456,619727,121836092,NA,227.9256079,NA,714.1462344,NA,2150.224488,39687.70367
1982,59347.956,58402.429,8912.248,3523.772,58479.443,59905.937,10105.219,4481.424,11855.83053,197.9074383,1515.717484,25.53950609,441.1780257,7.554104054,217.9193629,24.45167177,283.1155071,80.34444542,1372.74909,23.47404523,384.4585599,6.417703807,191.47172,18.94780509,322.5858714,71.9828946,-962.04728,-0.003655772,79824174286,263158.428,NA,8.742594407,0.087425944,NA,41.8141686,NA,0.231263155,NA,NA,0.153122335,NA,0.120238464,NA,150.1378511,NA,0.030348571,139603,0.387429975,110670.7271,2102.56,2231142,2272356,49537286,205.3545631,0.130292403,647161.236,850440.404,158316.159,69256.874,618201.729,816438.94,160636.385,89521.19,104394.7594,127.8659729,6902.260407,10.66544166,3072.769877,3.61315133,2844.843209,17.96937992,4964.539419,71.6829844,6211.382717,10.04750137,2283.824871,2.797300275,1996.475837,12.42854063,5392.389449,60.2359,-437.30036,-0.000128242,2.44593e+12,3409972.917,NA,7.652658823,0.076526588,NA,187.6974101,NA,0.480682538,NA,NA,0.348034142,NA,0.323036298,NA,2548.128738,NA,0.104685357,482219,1.890471547,6305614.624,2376.631579,27202457,43862389,912378811,288.40219,0.230383758,111611.711,244071.934,65530.096,42908.311,105720.309,236983.914,72923.153,64319.83,14040.71747,59.24755495,177.93976,1.594274995,558.2744486,2.287335702,897.6683571,13.69856618,2789.778113,65.01719708,133.7759971,1.265376524,254.2082286,1.072681366,488.6907057,6.701447834,3117.603677,48.47033453,1395.52976,0.001478207,8.95345e+12,944069.258,NA,8.289693746,0.082896937,NA,43998.1621,NA,0.97667101,NA,NA,0.651130739,NA,0.634813727,NA,20553.44773,NA,0.200284272,314605,10.62685108,10393658.34,3007.043478,36220221,73039546,874591535,1042.138904,0.369619052,53781876,137759975,1190644458,4051.885641,185131.7893,20912.94268,2612850.724,1457.759711,6919335.055,340.76,0.18,3205789200,2920366550,1464215240,75798978,139522846,2215106068,623508,129526374,NA,236.3690008,NA,713.6071893,NA,2183.024,39646.99981
1983,60832.853,59797.334,9087.583,3607.921,59928.088,61303.248,10332.666,4591.084,12188.18709,198.8179661,1536.423411,25.25647467,449.6515965,7.519592705,221.9245786,24.42063842,292.9687214,81.20153447,1391.254787,23.21540423,388.6847563,6.340361546,194.5158667,18.82533188,333.1056143,72.55489429,-1056.1756,-0.003919298,74518063760,269480.777,NA,8.125851418,0.081258514,NA,45.6602015,NA,0.242008402,NA,NA,0.157609155,NA,0.124460768,NA,150.178268,NA,0.032265714,139622,0.417644906,122284.7503,2075.88,1971411,2319021,49446851,199.41045,0.131317539,654080.541,872738.18,162312.775,71150.705,624370.298,838618.943,164543.04,91564.761,105617.4134,125.9420792,6774.293421,10.35697135,3112.828321,3.566737875,2890.560469,17.80858265,5128.994952,72.08635462,6092.998971,9.758630401,2298.375248,2.740666982,2021.540155,12.28578343,5548.354369,60.59486541,-313.4732,-9.00946e-05,2.40397e+12,3479379.243,NA,7.554436983,0.07554437,NA,228.5774497,NA,0.493423393,NA,NA,0.354426326,NA,0.328987511,NA,2648.735831,NA,0.109788163,462021,1.921024284,6537468.794,2390.539474,26348246,45476415,965114413,298.0241594,0.232334608,111037.651,246833.454,66778.97,43011.672,105253.695,239342.568,74037.142,64768.296,14002.28442,58.50310932,173.2334,1.560132067,554.4302024,2.246171228,895.8310548,13.41486781,2815.985612,65.47026612,130.2618214,1.237598561,252.6914524,1.055773131,487.3140905,6.582021906,3150.041838,48.63555215,1364.5548,0.001434767,9.24398e+12,951063.448,NA,8.102804092,0.081028041,NA,45931.48131,NA,0.97725104,NA,NA,0.657313596,NA,0.640821412,NA,21098.53538,NA,0.206109636,325462,10.5247011,10370513.69,3000.673913,37712486,74711093,746714945,903.3451194,0.371605052,54921467,142060254,1234335631,4059.613977,181072.1753,20663.03429,2592187.69,1469.878328,6917865.177,342.43,0.34,3210720600,2920374550,1467361240,76060842,144120450,2145591538,693683,132872694,NA,244.78373,NA,713.5523577,NA,2214.565328,39607.09858
1984,62309.374,61305.077,9282.188,3685.635,61382.588,62813.585,10578.49,4700.662,12520.54364,199.328595,1555.342135,24.96160746,460.0641677,7.504503545,225.9297943,24.34014419,302.8219357,82.16275776,1407.982877,22.93782199,395.5331447,6.296936319,197.5600133,18.67563455,343.6253571,73.10148169,-965.94568,-0.003499073,68701675890,276057.599,NA,7.579341473,0.075793415,NA,49.85998934,NA,0.252753649,NA,NA,0.162095975,NA,0.128683072,NA,150.230533,NA,0.034182857,146059,0.44184108,132649.6825,2071.04,2064685,2334651,48964996,193.308687,0.13230085,661193.886,895599.181,166640.212,72989.948,630719.123,861210.53,168728.754,93664.995,106579.6898,123.7556743,6646.326436,10.05200831,3152.886766,3.520421671,2936.27773,17.62046324,5293.450486,72.52300668,5974.615226,9.472703471,2312.925624,2.685668072,2046.604472,12.12955364,5704.31929,60.90129284,-486.78172,-0.000137093,2.4466e+12,3550746.629,NA,7.449625251,0.074496253,NA,278.3610625,NA,0.506164249,NA,NA,0.360818509,NA,0.334938724,NA,2755.027999,NA,0.114890969,475691,1.97943293,6869675.455,2405.552632,29813308,47843604,1018845661,308.8090161,0.234247897,110455.715,249564.617,67970.748,43201.625,104771.418,241679.29,75016.621,65378.825,13963.85138,57.77843594,168.52704,1.525743055,550.5859562,2.206185968,893.9937524,13.1526249,2842.193111,65.78903249,126.7476457,1.209754035,251.1746762,1.039289201,485.9374752,6.477730785,3182.479999,48.67753434,1447.3788,0.001510773,9.64153e+12,958038.859,NA,7.930834737,0.079308347,NA,47949.75232,NA,0.97783107,NA,NA,0.663496453,NA,0.646829097,NA,21668.10431,NA,0.211935,335241,10.73041155,10647741.69,3020.108696,39895650,75656928,887738524,1047.234246,0.373574898,57836723,145744839,1270432026,4257.014976,176815.1604,21043.74573,2571143.944,1597.005214,6916268.171,343.99,0.15,3222096900,2920527450,1484970660,82475706,148219408,2327799304,716130,138321376,NA,253.1724287,NA,713.9834398,NA,2244.907925,39567.93621
1985,63798.149,62933.833,9497.035,3757.997,62865.726,64445.999,10841.389,4812.574,12852.9002,199.4367439,1572.456152,24.64736324,472.2084637,7.50325288,229.93501,24.21124172,312.67515,83.20260767,1422.924686,22.63434746,404.7476605,6.280415647,200.60416,18.50354784,354.1451,73.58746068,-875.71576,-0.003094919,71306600168,282952.702,7.099661912,7.099661912,0.070996619,NA,54.44607023,NA,0.263498896,NA,NA,0.166582796,NA,0.132905376,NA,150.2981181,0.035552174,0.0361,144902,0.422116484,130006.404,2116.16,2038777,2375140,55154710,210.5250333,0.133244846,668539.857,918933.695,171361.5,74826.246,637331.693,884031.034,173190.802,95925.647,107300.4666,121.3763573,6518.35945,9.750143364,3192.94521,3.474619798,2981.99499,17.40177922,5457.90602,72.94106429,5856.23148,9.188671369,2327.476,2.632798975,2071.66879,11.96177145,5860.28421,61.09194353,-660.09024,-0.000182137,2.57902e+12,3624140.474,7.339215222,7.339215222,0.073392152,NA,338.9874252,0.4982,0.518905104,NA,NA,0.367210692,NA,0.340889937,NA,2867.214356,0.119402857,0.119993775,465972,2.069360058,7323616.532,2416.5,32293375,50862754,1034505016,308.3934392,0.236124701,109810.544,252285.13,69040.842,43584.177,104202.647,244032.064,75757.553,66299.939,13925.41833,57.06388784,163.82068,1.49184836,546.74171,2.16715789,892.15645,12.92215483,2868.40061,65.81288916,123.23347,1.182632817,249.6579,1.023053675,484.56086,6.396205273,3214.91816,48.4905146,1530.2028,0.001585681,1.01362e+13,965012.896,7.773206382,7.773206382,0.077732064,NA,50056.70799,0.97,0.9784111,NA,NA,0.66967931,NA,0.652836781,NA,22262.8712,0.213452941,0.217760364,342898,10.76742413,10759652.53,3036.673913,39968651,77608541,902598370,1057.162621,0.375528786,60126736,151117962,1300895869,4479.727933,172335.4324,20953.6259,2550190.319,1639.449801,6914628.722,345.46,0.13,3237057400,2920539450,1500963000,85033837,153297170,2371276214,743435,140806122,NA,261.5377301,NA,714.9021358,NA,2274.111239,39529.4489
1986,65597.512,64366.918,9688.233,3891.784,64643.63,65975.918,11053.435,4964.014,13185.25676,199.8495384,1587.74796,24.20439299,485.8772094,7.548554825,233.9402257,24.1468414,322.5283643,82.87416884,1436.071542,22.21520577,416.0722392,6.306425917,203.6483067,18.42398374,364.6648429,73.46168703,-785.48584,-0.002706878,80539299605,290181.444,NA,6.683410072,0.066834101,NA,59.45397506,NA,0.274244143,NA,NA,0.171069616,NA,0.13712768,NA,150.385512,NA,0.038017143,145957,0.432269904,136642.9887,2116.68,2196241,2424488,55449644,207.0096977,0.134151837,678586.612,940855.038,175503.692,77157.91,646543.065,905528.261,177110.65,98458.984,107798.6216,119.0450108,6390.392464,9.417209758,3233.003654,3.436239935,3027.71225,17.25155873,5622.361554,72.86824583,5737.847734,8.874656686,2342.026376,2.586364752,2096.733108,11.838549,6016.24913,61.1041155,-833.39876,-0.000225258,2.69103e+12,3699744.212,NA,7.224198491,0.072241985,NA,412.8180623,NA,0.531645959,NA,NA,0.373602875,NA,0.34684115,NA,2985.496969,NA,0.125096582,471103,2.119606653,7650628.811,2424.592105,36290031,52940437,1082698479,316.7594514,0.237966053,109445.815,254627.906,69749.215,44426.663,103969.64,246179.301,76139.028,67457.64,13886.98528,56.41004434,159.11432,1.45381822,542.8974638,2.132120836,890.3191476,12.76457588,2894.608109,65.15474973,119.7192943,1.151483205,248.1411238,1.007969081,483.1842448,6.34607845,3247.356321,48.13919255,1613.0268,0.001659501,1.23028e+13,971995.208,NA,7.629339725,0.076293397,NA,52256.24521,NA,0.97899113,NA,NA,0.675862167,NA,0.658844466,NA,22883.53366,NA,0.223585728,344116,10.73045392,10800749.43,3044.695652,41761144,78639779,875436196,1024.528836,0.377466909,63198232,155356551,1345351452,4595.213334,167740.2191,21989.85289,2528200.466,1682.964104,6912945.758,346.87,0.23,3252279400,2920530450,1511473200,91620117,157937929,2424541305,1254161,147357645,NA,269.8822672,NA,716.3101459,NA,2302.234721,39491.57287
1987,67350.508,65974.294,9908.181,4024.107,66383.579,67688.996,11293.832,5120.138,13517.61331,199.7017848,1601.200053,23.77413476,500.8631295,7.591792183,237.9454414,24.01504791,332.3815786,82.59759956,1447.414774,21.80380744,429.250816,6.341515481,206.6924533,18.30135718,375.1845857,73.27626437,-695.25592,-0.002335082,83703220871,297743.635,NA,6.327183291,0.063271833,NA,64.92250287,NA,0.28498939,NA,NA,0.175556436,NA,0.141349984,NA,150.4985171,NA,0.039934286,145494,0.46699335,151575.3042,2105.72,2453984,2490543,54750187,200.4903111,0.135023959,688625.772,963365.767,180118.845,79417.8,655758.148,927368.082,181436.826,101059.509,108093.0326,116.5589314,6262.425479,9.094091063,3273.062099,3.397527928,3073.429511,17.06334232,5786.817088,72.86549221,5619.463989,8.569415425,2356.576752,2.541144987,2121.797425,11.69441437,6172.214051,61.07504491,-1006.70728,-0.000266526,2.76481e+12,3777150.749,NA,7.105566653,0.071055667,NA,502.7288326,NA,0.544386814,NA,NA,0.379995059,NA,0.352792363,NA,3110.068551,NA,0.130199388,441573,2.188399712,8056851.137,2434.710526,37900127,56088045,1087268998,312.7376291,0.239772948,108947.68,257012.347,70417.547,45405.412,103570.908,248394.334,76359.482,68883.666,13848.55224,55.75228716,154.40796,1.417267077,539.0532176,2.097382573,888.4818452,12.61733592,2920.815608,64.32747726,116.2051186,1.121986095,246.6243476,0.992874288,481.8076295,6.309728889,3279.794482,47.61352977,1695.8508,0.001732243,1.42491e+13,978991.376,NA,7.498655469,0.074986555,NA,54552.43209,NA,0.979571159,NA,NA,0.682045024,NA,0.664852151,NA,23530.76521,NA,0.229411092,332712,10.95538618,11106640.47,3065.826087,41790010,80678212,830747307,973.6710173,0.379389457,66521674,161394756,1380453180,4685.796651,163054.4224,22121.42942,2506079.036,1768.219678,6911177.538,348.62,0.37,3262874700,2920406450,1517204000,93522692,163621553,2377559861,821376,151368410,NA,278.2086732,NA,718.2091703,NA,2329.33782,39454.24434
1988,69107.231,67733.467,10155.637,4153.743,68124.862,69551.363,11561.145,5279.065,13849.96987,199.1329756,1612.794929,23.33757128,516.9589485,7.632252879,241.9506571,23.82427189,342.2347929,82.39190361,1456.945709,21.38640235,444.0273264,6.384164267,209.7366,18.14150761,385.7043286,73.06300047,-605.026,-0.001979366,90497291823,305666.513,NA,6.027578908,0.060275789,NA,70.89402138,NA,0.295734637,NA,NA,0.180043256,NA,0.145572289,NA,150.6446331,NA,0.041851429,149768,0.470683589,156943.8722,2126.16,2296923,2612744,59384050,210.3394198,0.135863184,698525.672,986180.445,184883.498,81671.82,664826.975,949367.75,185893.593,103744.294,108202.5775,113.9733022,6134.458493,8.782008649,3313.120543,3.359548001,3119.146771,16.87087709,5951.272621,72.86812785,5501.080243,8.27445403,2371.127129,2.497585502,2146.861743,11.54887432,6328.178971,60.99785084,-1180.0158,-0.000306093,2.99229e+12,3855094.047,NA,6.984311305,0.069843113,NA,612.2219501,NA,0.55712767,NA,NA,0.386387242,NA,0.358743576,NA,3241.109974,NA,0.135302194,452360,2.269328912,8519436.213,2443.473684,41606981,59794618,1129817634,319.3746295,0.241546345,108404.257,259382.968,71067.677,46470.068,103096.807,250612.837,76486.306,70486.283,13810.11919,55.10539427,149.7016,1.380956838,535.2089714,2.063392888,886.6445429,12.47605916,2947.023107,63.4176629,112.6909429,1.093059486,245.1075714,0.978032787,480.4310143,6.281268366,3312.232643,46.99116625,1778.6748,0.001803917,1.60503e+13,986007.203,NA,7.380574314,0.073805743,NA,56949.51552,NA,0.980151189,NA,NA,0.688227882,NA,0.670859836,NA,24205.2099,NA,0.235236457,334593,11.27630193,11515468.41,3064.23913,42727942,82114134,747304573,884.5236083,0.381296617,67825863,167558452,1412441493,4794.839826,158259.5826,22967.33744,2483111.699,1846.320838,6909331.217,351.14,0.37,3280586200,2920409450,1520087200,98157321,169782513,2332274839,844668,149090385,NA,286.5195813,NA,720.6009091,NA,2355.479987,39417.39952
1989,70929.24,69614.256,10429.491,4279.323,69908.599,71523.648,11854.444,5437.456,14182.32643,198.2886336,1622.515085,22.87512294,533.9573912,7.670230522,245.9558729,23.58273025,352.0880071,82.27656738,1464.655676,20.95100884,460.1457057,6.43347646,212.7807467,17.94944973,396.2240714,72.8693844,-446.4038,-0.001421775,89626365754,313976.457,NA,5.781194261,0.057811943,NA,77.41479526,NA,0.306479884,NA,NA,0.184530077,NA,0.149794593,NA,150.833552,NA,0.043768571,152225,0.454278296,155694.7812,2136.52,2365166,2671460,61511732,211.9533376,0.136671339,707876.184,1009139.259,189358.054,84025.196,673283.454,971542.754,190114.775,106544.803,108146.1341,111.3138188,6006.491507,8.485228975,3353.178987,3.322810957,3164.864032,16.71364891,6115.728155,72.78445569,5382.696497,7.994695941,2385.677505,2.455555862,2171.92606,11.42428862,6484.143892,60.85837797,-1432.37352,-0.000364297,3.18847e+12,3931884.479,NA,6.861424041,0.06861424,NA,745.5624025,NA,0.569868525,NA,NA,0.392779425,NA,0.364694789,NA,3378.787605,NA,0.140405,459299,2.295734791,8783448.794,2436.513158,42861796,61982865,1169243936,324.0401909,0.243287166,107947.656,261669.539,71722.873,47539.266,102688.507,252744.961,76627.701,72105.853,13771.68615,54.48846969,144.99524,1.343199523,531.3647252,2.030670927,884.8072405,12.33647236,2973.230606,62.54262752,109.1767671,1.063183898,243.5907952,0.963781016,479.054399,6.251713059,3344.670804,46.38556601,1872.81076,0.001885925,1.68118e+13,993046.356,NA,7.274516959,0.07274517,NA,59451.92896,NA,0.980731219,NA,NA,0.694410739,NA,0.67686752,NA,24907.47667,NA,0.241061821,347259,11.47178216,11804951.3,3075.543478,42654980,82053079,847385396,978.9003798,0.383188573,70312833,170491902,1443527261,4882.496493,153377.0861,23284.48176,2459827.217,1909.159154,6907422.058,352.79,0.29,3291707400,2920508450,1523718200,99249699,172356485,2492898012,845530,157069625,NA,294.8176246,NA,723.4870626,NA,2380.720672,39380.97464
1990,72847.174,71604.582,10728.167,4400.567,71752.023,73587.117,12172.571,5594.079,14514.68299,197.2448925,1630.343016,22.38031932,551.6511822,7.704132428,249.9610886,23.29951506,361.9412214,82.24876963,1470.536001,20.49469743,477.3498893,6.486867658,215.8248933,17.73042797,406.7438143,72.70970151,-287.7816,-0.000891831,95136153809,322686.28,NA,5.584626689,0.055846267,NA,84.53534457,0.3839,0.317225131,NA,0.196741935,0.189016897,0.162903226,0.154016897,NA,151.0777965,0.047308696,0.045685714,157369,0.440647054,155316.2687,2125.08,2195642,2768211,60586779,203.1404372,0.137450117,716186.122,1032220.021,193321.487,86548.943,680621.301,993977.518,193910.874,109496.026,107942.5802,108.5966013,5878.524521,8.208096109,3393.237431,3.287319915,3210.581292,16.60747257,6280.183689,72.56222285,5264.312751,7.734569494,2400.227881,2.414770795,2196.990378,11.32989777,6640.108812,60.64246398,-1684.73124,-0.000420522,3.59074e+12,4006282.292,NA,6.737896458,0.067378965,NA,907.9440812,0.565344444,0.58260938,NA,0.404801887,0.399171608,0.375028302,0.370646002,NA,3523.250484,0.146905714,0.145507806,463948,2.252773698,8781977.718,2419.342105,43725384,65437246,1203832663,327.7340929,0.2449963,107635.07,263839.496,72402.408,48570.645,102407.782,254745.083,76860.41,73648.51,13733.2531,53.90978676,140.28888,1.303375192,527.520479,1.999399207,882.9699381,12.19531176,2999.438105,61.7541337,105.6625914,1.031782833,242.074019,0.950259829,477.6777838,6.214874261,3377.108965,45.85440988,1966.94672,0.001966732,1.89047e+13,1000109.404,NA,7.179904105,0.071799041,NA,62064.30072,0.991483871,0.981311249,NA,0.694689655,0.700593596,0.674741379,0.682875205,NA,25638.13339,0.248992157,0.246887185,341816,11.14567583,11561793.7,3024.595745,40014287,83923592,881277014,1005.104931,0.385065506,70978482,175403749,1454618537,4770.542804,148606.5433,23725.54257,2436101.674,1976.277409,6905445.78,353.97,0.43,3302909200,2920576450,1528387300,96533412,178126039,2581251205,1264627,162710750,305,303.1054362,735,726.8693309,2425,2405.119324,39344.90591
1991,74977.133,73607.441,11021.179,4551.466,73846.32,75576.674,12468.807,5779.063,14847.03954,196.4500256,1636.261219,21.82347008,569.8330463,7.741514153,253.9663043,23.04347877,371.7944357,81.68674351,1474.578014,19.96819902,495.3838125,6.554718358,218.86904,17.55332647,417.2635571,72.20263166,-129.1594,-0.000389236,97393950192,331828.083,NA,5.434473528,0.054344735,NA,92.31083616,NA,0.327970378,NA,NA,0.193503717,NA,0.158239201,NA,151.3935422,NA,0.047602857,154873,0.450235323,163302.8811,2118.28,1978661,2828516,64182292,207.9072644,0.138201093,726097.874,1053211.452,195656.126,89685.504,689379.409,1014704.706,196368.933,112714.417,107610.7937,106.0513399,5750.557536,7.919810458,3433.295876,3.259835306,3256.298553,16.64296753,6444.639223,71.85820378,5145.929006,7.464581823,2414.778257,2.37978423,2222.054696,11.31571406,6796.073733,60.29462702,-1937.08896,-0.000475031,3.83285e+12,4077818.421,NA,6.61472015,0.066147202,NA,1105.692095,NA,0.595350235,NA,NA,0.405563792,NA,0.376597215,NA,3674.62737,NA,0.150610612,458390,2.302735802,9134915.147,2419.434211,45610654,69956314,1225833477,328.950509,0.246674606,107546.401,265810.83,72866.054,49816.573,102277.004,256731.211,77094.042,75067.794,13694.82006,53.34302753,135.58252,1.260688584,523.6762329,1.970108715,881.1326357,12.09249832,3025.645604,60.73572352,102.1484157,0.998742745,240.5572429,0.937000382,476.3011686,6.178183894,3409.547126,45.41957268,2061.08268,0.002046329,1.99932e+13,1007209.909,NA,7.096156454,0.070961565,NA,64791.46247,NA,0.981891279,NA,NA,0.706776453,NA,0.68888289,NA,26397.70059,NA,0.252712549,348730,11.19816785,11711037.31,3026.085106,39088423,85108578,845079858,962.3384861,0.386927594,69420130,178968380,1468227740,4587.824445,144018.7189,23666.11406,2412435.56,2003.751152,6903442.029,355.29,0.4,3308507700,2920568450,1532239200,96140987,182138119,2522149243,1246765,161922741,NA,311.3856492,NA,730.7494142,NA,2428.735395,39309.12954
1992,77173.914,75746.268,11351.299,4698.227,75973.19,77683.614,12799.479,5961.314,15179.3961,195.4002307,1640.25219,21.25397177,588.295708,7.766662617,257.97152,22.72616729,381.64765,81.23227124,1476.773042,19.43808128,513.9914108,6.616471407,221.9131867,17.33767341,427.7833,71.75990059,29.4628,8.63032e-05,85744451610,341387.305,NA,5.327332119,0.053273321,NA,100.8015111,NA,0.338715625,NA,NA,0.197990538,NA,0.162461505,NA,151.8016759,NA,0.04952,158244,0.44279388,165340.5397,2085.923077,2096865,2875066,61410328,194.4485282,0.138925729,733363.458,1075411.068,197898.468,92979.262,695423.434,1036741.778,198761.984,116149.578,107169.6524,103.3715962,5622.59055,7.666853984,3473.35432,3.229792238,3302.015813,16.68540361,6609.094757,71.0813854,5027.54526,7.229473461,2429.328633,2.343234048,2247.119013,11.3055775,6952.038653,59.85418779,-2189.44668,-0.000527994,3.79758e+12,4146729.03,NA,6.492886714,0.064928867,NA,1346.509145,NA,0.608091091,NA,NA,0.411955975,NA,0.382548428,NA,3833.02369,NA,0.155713418,459520,2.348359648,9472564.473,2451.516854,55942959,89327701,1482999077,392.6636453,0.248322909,107608.937,267678.109,73352.048,51015.961,102278.259,258587.305,77427.273,76398.345,13656.38701,52.81151374,130.87616,1.216220173,519.8319867,1.942004106,879.2953333,11.98733174,3051.853103,59.82153513,98.63424,0.964371519,239.0404667,0.924409134,474.9245533,6.133814804,3441.985287,45.05313939,2155.21864,0.002124737,2.15113e+13,1014346.237,NA,7.022694704,0.070226947,NA,67638.45819,NA,0.982471309,NA,NA,0.71295931,NA,0.694890575,NA,27186.64499,NA,0.258537913,346071,11.25503456,11847688.78,3025.057692,40909444,87906499,918150958,1032.159299,0.388775014,70022742,182421044,1525441273,4562.213239,139456.5056,23983.70259,2388451.858,2012.538729,6901429.491,355.99,0.26,3349653500,2954360250,1532576680,99026815,185597278,2647326257,1025169,154730272,NA,319.6608968,NA,735.1290127,NA,2451.628333,39273.58176
1993,79405.733,78001.361,11708.471,4840.942,78117.341,79898.736,13157.141,6142.573,15511.75266,194.142654,1642.298426,20.68236591,606.8318922,7.779760307,261.9767357,22.37497413,391.5008643,80.87286819,1477.112413,18.90889263,532.9166195,6.669900504,224.9573333,17.09773676,438.3030429,71.35495872,188.085,0.000535439,86278509456,351272.298,NA,5.259799798,0.052597998,NA,110.0731513,NA,0.349460872,NA,NA,0.202477358,NA,0.166683809,NA,152.329156,NA,0.051437143,165329,0.427526256,164361.5342,2058.481481,2127836,3251527,71796249,219.7030977,0.139625387,738753.243,1098202.295,200203.419,96302.22,699556.194,1059424.313,201228.764,119693.488,106638.0343,100.6565858,5494.623564,7.437698063,3513.412764,3.199240049,3347.733074,16.72165785,6773.55029,70.33638778,4909.161514,7.017537056,2443.87901,2.30679906,2272.183331,11.29154344,7108.003574,59.38504836,-2441.8044,-0.000579538,4.05549e+12,4213363.936,NA,6.373387744,0.063733877,NA,1639.775563,NA,0.620831946,NA,NA,0.418348158,NA,0.388499641,NA,3998.518436,NA,0.160816224,462450,2.326256018,9535734.689,2455.910112,60457738,92802567,1537368862,401.2540081,0.249942008,107720.571,269422.592,73959.057,52168.428,102333.489,260289.897,77922.617,77667.575,13617.95396,52.31841159,126.1698,1.171269321,515.9877405,1.91516137,877.458031,11.86410518,3078.060602,59.00236446,95.12006429,0.929510615,237.5236905,0.912535189,473.5479381,6.077156496,3474.423448,44.73454267,2249.3546,0.002202045,2.1708e+13,1021484.226,NA,6.958939558,0.069589396,NA,70610.55348,NA,0.983051339,NA,NA,0.719142167,NA,0.700898259,NA,28005.37284,NA,0.264363277,333760,11.32146054,12014882.78,3002.62963,40332687,89744314,835174649,944.9501279,0.390607936,73530572,186075015,1570974681,4427.474911,135029.0307,24077.28439,2364374.573,2031.47281,6899398.018,356.71,0.28,3379203500,2954741250,1533802100,102960475,189313273,2615559198,973845,157195345,NA,327.9338121,NA,740.0098266,NA,2473.85759,39238.19877
1994,81610.38,80362.51,12077.571,4981.115,80241.446,82224.589,13532.84,6325.651,15844.10921,192.6930789,1642.382423,20.12467559,625.2343234,7.780174156,265.9819514,22.02280172,401.3540786,80.57514805,1475.587455,18.38934278,551.9033739,6.712145121,228.00148,16.84801416,448.8227857,70.95282141,67.66472,0.000187252,72532962619,361356.102,NA,5.228473905,0.052284739,NA,120.1975894,NA,0.360206119,NA,NA,0.206964178,NA,0.170906114,NA,153.0107571,NA,0.053354286,149629,0.40998395,162221.7917,2058.592593,2026052,3268949,69616219,207.3058116,0.140301335,743310.578,1120826.559,202807.335,99472.515,702890.372,1081877.585,204015.107,123175.519,106034.817,98.0099953,5366.656579,7.219938391,3553.471209,3.170402396,3393.450334,16.73238463,6938.005824,69.74796831,4790.777769,6.815824998,2458.429386,2.272372974,2297.247649,11.26018402,7263.968494,58.97250162,-2452.25224,-0.000573174,4.41524e+12,4278375.57,NA,6.257214837,0.062572148,NA,1996.914694,NA,0.633572801,NA,NA,0.424740342,NA,0.394450854,NA,4171.161043,NA,0.16591903,454570,2.271070907,9456660.529,2472.932584,68029506,96956224,1533018211,396.8805247,0.251532671,107724.681,271022.927,74837.649,53270.183,102300.382,261828.495,78677.865,78914.822,13579.52092,51.86418277,121.46344,1.127535852,512.1434943,1.889668523,875.6207286,11.70027039,3104.268101,58.27402736,91.60588857,0.895459888,236.0069143,0.901379792,472.1713229,6.001323534,3506.861609,44.43856705,2379.38468,0.002313278,2.32677e+13,1028577.004,NA,6.904311714,0.069043117,NA,73713.24535,NA,0.983631368,NA,NA,0.725325025,NA,0.706905944,NA,28854.22314,NA,0.270188641,333333,11.38888331,12176395.49,3016.407407,41399521,91470156,916198579,1019.921943,0.392426532,78276017,191958803,1615748540,4516.361454,130512.6693,24449.95364,2339924.62,2056.950838,6897341.067,358.2,0.34,3394404400,2955224250,1534637500,111495456,195175328,2692445043,909153,158827220,NA,336.2070283,NA,745.393556,NA,2495.482614,39202.9168
1995,83745.083,82825.214,12445.201,5120.981,82321.356,84664.402,13918.505,6512.206,16176.46577,191.06573,1640.486677,19.58905071,643.2957264,7.766906903,269.9871671,21.69407848,411.2072929,80.29853906,1472.189496,17.88344565,570.6956095,6.740679625,231.0456267,16.59988818,459.3425286,70.53562626,-52.75556,-0.000141987,83549959392,371552.948,5.229951777,5.229951777,0.052299518,NA,131.253265,0.3713,0.370951366,NA,0.209,0.211450998,0.172225806,0.175128418,NA,153.8913028,0.055,0.055271429,140808,0.385955216,157077.5218,2055.555556,2171033,3450485,70233299,204.1561436,0.140954761,747453.877,1143013.033,205903.18,102419.277,705891.042,1103742.942,207328.824,126526.154,105378.8785,95.47411315,5238.689593,7.00871285,3593.529653,3.143909605,3439.167595,16.70283866,7102.461358,69.34691951,4672.394023,6.619143387,2472.979762,2.240539593,2322.311966,11.20110519,7419.933415,58.64347552,-2462.70008,-0.000567145,4.93687e+12,4342278.329,6.145359587,6.145359587,0.061453596,NA,2431.83786,0.671077465,0.646313656,NA,0.428849057,0.431132525,0.398103774,0.400402067,NA,4350.968321,0.172025714,0.171021837,458670,2.320760309,9812759.378,2485.988764,71516366,100719549,1571473196,401.5654868,0.253095641,107547.342,272455.588,76067.118,54320.758,102106.117,263190.337,79744.38,80163.378,13541.08787,51.44979116,116.75708,1.085634269,508.2992481,1.8656224,873.7834262,11.48700581,3130.4756,57.62945356,88.09171286,0.862746674,234.4901381,0.890952688,470.7947076,5.903797956,3539.29977,44.15108068,2509.41476,0.002423162,2.58394e+13,1035595.018,6.858231874,6.858231874,0.068582319,NA,76952.27231,0.986017544,0.984211398,NA,0.731275862,0.731507882,0.712396552,0.712913629,NA,29733.46073,0.281427451,0.276014006,333970,11.37184888,12265205.24,3034.925926,41228737,93131549,855324402,955.6676797,0.394230969,84995123,197778694,1668089867,4640.996708,125871.6726,24810.60298,2315114.017,2093.589993,6895247.477,360.02,0.45,3393632600,2955521250,1535389300,114957447,200854919,2675887695,793989,163348773,344,344.4831784,752,751.2819012,2504,2516.562856,39167.67206
1996,86192.689,85060.572,12711.857,5279.489,84729.691,86905.175,14220.488,6723.699,16508.82233,189.9636279,1636.593686,18.98761606,660.8088258,7.768685423,273.9923829,21.55408001,421.0605071,79.75402679,1466.909864,17.3128197,589.0372616,6.777930791,234.0897733,16.46144445,469.8622714,69.88151484,-173.17584,-0.000453549,93269465320,381823.66,NA,5.260830753,0.052608308,NA,143.3258325,NA,0.381696613,NA,NA,0.215937819,NA,0.179350722,NA,155.0285136,NA,0.057188571,138728,0.388170605,162378.7356,2060.037037,2142883,3548215,75451003,212.5119774,0.14158677,748515.006,1166859.151,209095.84,106125.697,705738.602,1127388.571,210961.77,130436.556,104689.0967,92.85981723,5110.722607,6.82781583,3633.588097,3.113990317,3484.884855,16.66644757,7266.916892,68.47462111,4554.010277,6.45282866,2487.530138,2.206453216,2347.376284,11.12702213,7575.898335,58.08109757,-2473.14792,-0.000561426,5.37921e+12,4405121.193,NA,6.038813591,0.060388136,NA,2961.486234,NA,0.659054511,NA,NA,0.437524708,NA,0.40635328,NA,4537.921495,NA,0.176124643,462616,2.349642736,10085236.4,2496.707865,76277569,101341218,1665813113,418.4747296,0.254631635,107420.148,273482.287,77404.183,55565.102,101962.828,264310.019,81005.334,81384.069,13502.65483,51.08642827,112.05072,1.043107109,504.4550019,1.844561882,871.9461238,11.264845,3156.6831,56.8105337,84.57753714,0.829493834,232.9733619,0.881439768,469.4180924,5.794903486,3571.73793,43.88743368,2639.44484,0.002531759,2.60703e+13,1042533.97,NA,6.820120739,0.068201207,NA,80333.62505,NA,0.984791428,NA,NA,0.737690739,NA,0.718921314,NA,30643.26943,NA,0.28183937,341659,11.6065987,12605597.93,3060.611111,40306833,94531296,972460442,1062.122293,0.396021411,88610522,199819395,1727414846,4713.45354,121158.219,25419.29064,2289694.726,2191.935703,6893055.541,361.79,0.32,3404241600,2955573350,1528739260,118777295,203250234,2897620756,966736,169257105,NA,352.7648957,NA,757.6765624,NA,2537.157767,39132.40078
1997,88565.765,87406.644,12979.102,5431.695,87062.875,89293.462,14536.671,6933.685,16841.17889,188.6048374,1630.685945,18.41214768,677.5663463,7.751886073,277.9975986,21.4188623,430.9137214,79.33319552,1459.739886,16.76650221,606.6722655,6.794139816,237.13392,16.31280779,480.3820143,69.28235336,-293.59612,-0.000748569,96664635843,392209.899,NA,5.317708171,0.053177082,NA,156.5088249,NA,0.39244186,NA,NA,0.220424639,NA,0.183573026,NA,156.4966245,NA,0.059105714,140210,0.375318743,161285.9415,2081.592593,2213925,3619809,74499875,204.8230022,0.142198399,750474.209,1189319.065,212574.927,109425.776,706633.772,1149441.889,214957.334,133987.062,103984.3492,90.4650772,4982.755621,6.639476163,3673.646541,3.088865427,3530.602116,16.60874199,7431.372426,67.91244894,4435.626531,6.277122191,2502.080514,2.176778607,2372.440601,11.03679766,7731.863256,57.70604371,-2483.59576,-0.000556011,5.68994e+12,4466814.034,NA,5.938568444,0.059385684,NA,3606.490736,NA,0.671795367,NA,NA,0.443916891,NA,0.412304493,NA,4731.963423,NA,0.181227449,470404,2.311651697,10069785.38,2508.764045,75971315,105923808,1714738605,424.6054825,0.256141345,107063.792,274388.452,79120.938,56743.721,101612.562,265284.132,82633.376,82570.74,13464.22178,50.75396587,107.34436,1.002620568,500.6107557,1.824460002,870.1088214,10.99720053,3182.890599,56.09238419,81.06336143,0.797769093,231.4565857,0.872485602,468.0414771,5.664073039,3604.176091,43.64955542,2769.47492,0.002639059,2.56416e+13,1049417.713,NA,6.789399007,0.06789399,NA,83863.55751,NA,0.985371458,NA,NA,0.743873596,NA,0.724928998,NA,31583.74526,NA,0.287664734,337550,11.61536314,12702602.57,3059.814815,40325309,95333874,969395824,1053.0173,0.39779802,89955183,204806900,1759143939,4758.740411,116399.4786,26151.1154,2263543.611,2192.749234,6890862.792,362.9,0.52,3411877000,2955513450,1534843120,118566358,208451683,2949822027,838497,173814905,NA,361.0548132,NA,764.5792397,NA,2557.326795,39097.03915
1998,90909.388,89873.83,13250.94,5579.149,89360.924,91824.409,14863.073,7143.536,17173.53544,187.0258206,1622.745951,17.85014712,693.3610126,7.71482658,282.0028143,21.28172147,440.7669357,79.00253887,1450.670891,16.23383943,623.3445567,6.788440715,240.1780667,16.15938149,490.9017571,68.71971488,-414.0164,-0.001027833,97470802276,402805.249,NA,5.39718137,0.053971814,NA,170.9043781,NA,0.403187107,NA,NA,0.224911459,NA,0.18779533,NA,158.3909553,NA,0.061022857,135739,0.39388133,173829.8223,2094.148148,2100693,3778551,77924603,208.0505336,0.142790617,752191.931,1211181.667,216675.173,112490.441,707377.207,1170714.94,219577.166,137386.408,103283.5141,88.22259848,4854.788636,6.454188666,3713.704986,3.066183288,3576.319376,16.50544142,7595.82796,67.52420821,4317.242786,6.103169204,2516.63089,2.149653006,2397.504919,10.91873514,7887.828176,57.41345371,-2494.0436,-0.000550854,5.50659e+12,4527594.933,NA,5.845615741,0.058456157,NA,4391.97565,NA,0.684536222,NA,NA,0.450309075,NA,0.418255705,NA,4932.996068,NA,0.186330255,460017,2.25145076,9949334.055,2517.662921,73989604,110414530,1701897869,416.6234018,0.257625441,106579.32,275184.256,81114.497,57883.268,101141.573,266099.835,84529.295,83748.66,13425.78874,50.45395363,102.638,0.963019843,496.7665095,1.805214138,868.271519,10.70427052,3209.098098,55.44085896,77.54918571,0.766738972,229.9398095,0.864111056,466.6648619,5.52074712,3636.614252,43.4229545,2899.505,0.002745014,2.57265e+13,1056280.704,NA,6.765487381,0.067654874,NA,87548.59841,NA,0.985951488,NA,NA,0.750056453,NA,0.730936683,NA,32554.8898,NA,0.293490098,345480,11.5418612,12704862.59,3072.722222,35989338,98536674,989444378,1064.083047,0.399560957,91552469,212987095,1798619891,4664.093764,111735.3848,26714.94982,2236828.661,2249.683017,6888613.109,365.55,0.63,3415093000,2955388050,1538512520,112140654,216249332,2962250216,739336,177114164,NA,369.3555641,NA,771.9916333,NA,2577.129392,39061.52341
1999,93285.558,92481.188,13534.779,5722.111,91678.26,94494.712,15196.34,7352.717,17505.892,185.257901,1612.7562,17.28838026,707.9855493,7.655454743,286.00803,21.13134097,450.62015,78.7506831,1439.694207,15.70376889,638.7980705,6.760146224,243.2222133,16.00531531,501.4215,68.19540314,-364.11604,-0.000880048,97643945889,413745.665,NA,5.495847686,0.054958477,NA,186.6240225,NA,0.413932354,NA,NA,0.22939828,NA,0.192017634,NA,160.8336414,NA,0.06294,140895,0.412636323,187029.3624,2104.703704,2121250,3965572,80025709,208.1291438,0.143364335,752132.059,1233464.559,221868.147,115552.421,706323.154,1192295.067,225180.474,140925.718,102605.4691,86.05711114,4726.82165,6.284563453,3753.76343,3.043268169,3622.036637,16.3251764,7760.283493,67.15812119,4198.85904,5.944671382,2531.181267,2.122948703,2422.569237,10.75834504,8043.793097,57.07824811,-2695.16032,-0.00058747,5.37567e+12,4587741.599,NA,5.760947078,0.057609471,NA,5348.537269,NA,0.697277077,NA,NA,0.456701258,NA,0.424206918,NA,5140.878292,NA,0.191433061,466964,2.259691627,10124686.62,2536,80957396,113893427,1782691355,431.0491634,0.259084569,106120.294,275904.773,83211.334,59016.498,100677.943,266766.452,86528.652,84945.085,13387.35569,50.18380531,97.93164,0.922836117,492.9222633,1.78656664,866.4342167,10.41245435,3235.305597,54.82035882,74.03501,0.735364746,228.4230333,0.856265965,465.2882467,5.377273723,3669.052413,43.19322788,3048.57768,0.002867439,2.70265e+13,1063171.031,NA,6.74780656,0.067478066,NA,91395.56335,NA,0.986531518,NA,NA,0.75623931,NA,0.736944368,NA,33556.60381,NA,0.299315462,345069,11.6360541,12892778.99,3087.166667,37049385,100739874,972590419,1044.403624,0.401310379,93550919,218399170,1877048465,4671.738324,107063.6465,26240.44152,2210588.219,2314.303907,6886298.805,367.63,0.44,3409367500,2954709850,1540763490,120184567,222017153,3035406139,770096,184350916,NA,377.6697815,NA,779.9154434,NA,2596.625007,39025.78977
2000,95732.863,95248.33,13836.237,5860.529,94048.743,97306.295,15535.827,7560.756,17838.24856,183.3206018,1600.699188,16.72047757,721.2326812,7.572129413,290.0132457,20.96041328,460.4733643,78.57197947,1426.801161,15.17086902,652.7767423,6.708473921,246.26636,15.85151276,511.9412429,67.71032458,-314.21568,-0.000739106,1.13347e+11,425129.58,NA,5.61030446,0.056103045,140.4089275,203.7895469,0.33245,0.424677601,0.16975,0.223290323,0.2338851,0.184709677,0.196239938,NA,163.9807514,0.057791304,0.064857143,144981,0.407045869,189533.3095,2119.037037,2185755,4024650,76654887,194.9177284,0.143920406,749830.991,1256438.631,228389.296,118718.271,702948.274,1214489.137,231932.43,144742.668,101969.0921,83.96048097,4598.854664,6.133188304,3793.821874,3.01950432,3667.753897,16.05921977,7924.739027,66.75248014,4080.475294,5.804801641,2545.731643,2.096133728,2447.633554,10.55321826,8199.758017,56.65059329,-2896.27704,-0.000623192,5.86048e+12,4647489.698,NA,5.68555405,0.056855541,6111.179893,6513.435683,0.736460526,0.710017932,0.274571429,0.459716981,0.463093441,0.426962264,0.430158131,NA,5355.42407,0.193632857,0.196535867,479518,2.290234027,10400047.07,2548.58427,85249380,119950823,1828152159,437.516271,0.260519353,105753.647,276606.765,85297.954,60171.409,100270.994,267319.578,88521.698,86188.234,13348.92264,49.93619526,93.22528,0.88153253,489.0780171,1.768134692,864.5969143,10.13619757,3261.513096,54.20370156,70.52083429,0.703302435,226.9062571,0.848820198,463.9116314,5.24065446,3701.490574,42.94658798,3197.65036,0.002988094,2.75856e+13,1070130.279,NA,6.735777245,0.067357772,87003.08441,95411.56742,0.985145161,0.987111547,NA,0.767862069,0.762422167,0.749362069,0.742952053,NA,34588.68124,0.309454902,0.305140826,355224,11.9348937,13307528.3,3108.982143,36069674,102364330,1001549208,1065.275167,0.40304644,95675052,224705111,1952765626,4725.644602,102338.0019,27340.99684,2183247.223,2405.523898,6883893.281,368.81,0.42,3417095100,2956608950,1537452500,123529678,228103044,3101908963,818618,188379619,384,386.0000985,776,788.3523701,2605,2615.87309,38989.77444
2001,98412.772,97996.877,14126.607,6064.609,96705.143,100058,15837.428,7792.312,18170.60511,181.6007227,1586.557413,16.12145843,732.8951328,7.478760092,294.0184614,20.81309839,470.3265786,77.55266309,1411.983082,14.60090992,665.0245075,6.646390168,249.3105067,15.74185573,522.4609857,67.04826317,-264.31532,-0.000604849,1.01975e+11,436993.748,NA,5.737149028,0.05737149,172.2641563,222.5339421,NA,0.435422848,NA,NA,0.23837192,NA,0.200462243,NA,168.0310092,NA,0.066774286,145158,0.402802592,192732.1679,2122.666667,2225910,4121223,81814887,201.7466392,0.144459631,748299.126,1277546.558,235182.372,122678.008,700572.778,1235014.278,238800.186,148885.32,101393.2609,82.09885722,4470.887679,5.974733263,3833.880319,3.000971115,3713.471158,15.78975127,8089.194561,65.93842444,3962.091549,5.655503144,2560.282019,2.073078882,2472.697872,10.35467314,8355.722938,56.12187244,-3097.39376,-0.000658043,5.92624e+12,4706978.626,NA,5.620428253,0.056204283,7758.834412,7932.04614,NA,0.722758788,NA,NA,0.469485624,NA,0.436109344,NA,5576.401174,NA,0.201638673,492177,2.312147958,10636405.92,2574.067416,84569241,121923430,1928084691,453.4920448,0.261930398,105081.549,277617.48,87196.926,61584.388,99676.964,268114.717,90417.696,87439.003,13310.4896,49.6447556,88.51892,0.84238309,485.233771,1.747850211,862.7596119,9.894381046,3287.720595,53.38561771,67.00665857,0.672238157,225.389481,0.840645689,462.5350162,5.115536412,3733.928735,42.70324005,3346.72304,0.003107078,2.73174e+13,1077128.723,NA,6.728820136,0.067288201,88071.05434,99604.03837,NA,0.987691577,NA,NA,0.768605025,NA,0.748959737,NA,35650.80366,NA,0.31096619,364873,11.81309501,13261794.97,3125.696429,36130288,102602086,966066535,1025.688839,0.404769292,98374672,226425756,1980538852,4942.233154,97395.76876,27394.10019,2155853.122,2464.455142,6881428.826,370.41,0.54,3415960400,2956760150,1536487910,122952876,230299771,3179158915,812043,192367819,NA,394.3491484,NA,797.3041138,NA,2634.933091,38953.41365
2002,101114.787,100946.453,14443.614,6267.323,99371.841,102987.214,16159.214,8019.803,18502.96167,179.6627072,1570.31337,15.5300072,742.765629,7.358016126,298.0236771,20.63359469,480.1797929,76.61641068,1395.231297,14.04050969,675.2853013,6.556981931,252.3546533,15.61676535,532.9807286,66.4580824,-214.41496,-0.000477209,1.10064e+11,449310.249,NA,5.87297873,0.058729787,197.5868641,243.0024313,NA,0.446168095,NA,NA,0.24285874,NA,0.204684547,NA,173.2362891,NA,0.068691429,148879,0.364133503,179068.0947,2142.62963,2231178,4327968,86836596,207.8647042,0.144982766,744847.761,1299183.501,243342.314,126661.92,696064.911,1256046.037,246944.289,153210.859,100896.8533,80.32894526,4342.920693,5.830615221,3873.938763,2.981825708,3759.188418,15.44814938,8253.650095,65.16283738,3843.707803,5.522053679,2574.832395,2.049950654,2497.76219,10.1146789,8511.687858,55.55538239,-3298.51048,-0.000692048,6.04351e+12,4766301.592,NA,5.566561283,0.055665613,8496.815514,9659.626505,NA,0.735499643,NA,NA,0.475877808,NA,0.442060557,NA,5803.530419,NA,0.206741479,486124,2.384225685,11106833.3,2594.191011,87225803,126999702,1946062968,453.2420854,0.263318288,104562.479,278580.037,89057.455,63001.1,99197.436,268784.144,92284.948,88701.547,13272.05655,49.37812311,83.81256,0.801554829,481.3895248,1.728011562,860.9223095,9.667043703,3313.928094,52.6011148,63.49248286,0.640061734,223.8727048,0.832908896,461.158401,4.997113949,3766.366896,42.46111848,3495.79572,0.003224401,2.84726e+13,1084169.146,NA,6.726355934,0.067263559,96269.45635,103980.7303,NA,0.988271607,NA,NA,0.774787882,NA,0.754967422,NA,36742.53537,NA,0.316791555,371822,11.79888063,13336269.19,3130.482143,35865520,104322161,911445486,969.989942,0.406479087,99944884,233645317,2022998654,4984.687569,92411.08119,27276.35276,2128576.77,2520.065774,6878908.76,372.41,0.6,3407710100,2957021850,1532929160,125340313,237390964,3147717803,843995,193196581,NA,402.7195642,NA,806.7723745,NA,2653.86446,38916.6436
2003,103849.43,104051.137,14785.842,6470.505,102056.709,106067.24,16506.692,8246.827,18835.31823,177.579036,1551.949556,14.94422797,750.6368944,7.214115252,302.0288929,20.42689844,490.0330071,75.73334804,1376.537134,13.48796318,683.3030593,6.442168754,255.3988,15.4724399,543.5004714,65.90419217,-164.5146,-0.000356066,1.20486e+11,462034.382,NA,6.014390903,0.060143909,272.8279109,265.3535955,NA,0.456913342,NA,NA,0.247345561,NA,0.208906851,NA,179.9139225,NA,0.070608571,155517,0.396311343,200330.8731,2154.296296,2545664,4483085,89970945,209.9404239,0.145490519,740261.766,1321016.952,252578.264,130531.742,690345.114,1277165.34,256131.937,157555.458,100498.7473,78.68890908,4214.953707,5.693869251,3913.997207,2.962866753,3804.905679,15.06426411,8418.105629,64.49087019,3725.324057,5.39632132,2589.382771,2.027445226,2522.826507,9.849714708,8667.652779,55.01334507,-3499.6272,-0.000725223,6.84005e+12,4825586.573,NA,5.524944735,0.055249447,10785.13147,11763.46967,NA,0.748240498,NA,NA,0.482269991,NA,0.44801177,NA,6036.48553,NA,0.211844285,474124,2.575862021,12148943.74,2612.505618,86808354,132571514,1984733923,456.7556208,0.264683589,104130.83,279550.396,90943.143,64420.897,98787.069,269362.864,94169.632,89995.89,13233.62351,49.12935403,79.1062,0.759680875,477.5452786,1.708261857,859.0850071,9.446396713,3340.135593,51.84863528,59.97830714,0.60714735,222.3559286,0.825488433,459.7817857,4.882484682,3798.805057,42.21087271,3644.8684,0.003339747,3.19221e+13,1091360.721,NA,6.727805339,0.067278053,108663.9438,108549.738,NA,0.988851637,NA,NA,0.780970739,NA,0.760975107,NA,37863.31906,NA,0.322616919,378293,11.9022751,13544231.82,3124.910714,34940340,104132407,964936335,1011.589533,0.408175971,102396292,239471175,2061950821,5338.983386,87072.0978,28363.23903,2100213.531,2613.28735,6876295.473,374.96,0.61,3387536400,2957072550,1540780240,124319499,242899925,3244401978,866918,196765803,NA,411.113979,NA,816.7588525,NA,2672.726648,38879.40052
2004,106616.24,107252.985,15155.354,6675.999,104755.772,109269.256,16890.215,8478.528,19167.67479,175.4169058,1531.448468,14.36412002,756.3016536,7.051567409,306.0341086,20.19313495,499.8862214,74.87811508,1355.891921,12.94336241,688.8217167,6.303893171,258.4429467,15.30134144,554.0202143,65.34391516,-252.5506,-0.00053158,1.37421e+11,475094.349,NA,6.157982886,0.061579829,287.2631488,289.7606013,NA,0.467658589,NA,NA,0.251832381,NA,0.213129155,NA,188.4605924,NA,0.072525714,160858,0.387938287,201584.735,2176.666667,2702197,4626234,91747314,208.5390938,0.145983559,736016.352,1342317.167,262382.922,134048.199,685072.615,1297553.83,265936.452,161621.151,100217.8207,77.23596381,4086.986721,5.552847719,3954.055651,2.94569402,3850.622939,14.67558525,8582.561162,64.02593415,3606.940311,5.265048161,2603.933148,2.006801635,2547.890825,9.580825816,8823.617699,54.59444908,-3574.30464,-0.000731697,8.12546e+12,4884948.688,NA,5.496570204,0.054965702,13779.68489,14325.52477,NA,0.760981353,NA,NA,0.488662174,NA,0.453962983,NA,6274.893677,NA,0.216947092,484238,2.747176755,13115633.28,2639.044944,93504606,136354245,2082181212,473.2987408,0.266026847,103690.346,280596.193,92966.715,65826.536,98372.287,269902.1,96158.809,91332.341,13195.19046,48.8888025,74.39984,0.71751945,473.7010324,1.688194795,857.2477048,9.221017487,3366.343092,51.13960564,56.46413143,0.573984129,220.8391524,0.818219467,458.4051705,4.767167722,3831.243218,41.94837421,3812.352,0.003469416,3.55322e+13,1098845.327,NA,6.732589051,0.067325891,115217.6028,113319.5121,NA,0.989431667,NA,NA,0.787153596,NA,0.766982792,NA,39012.47234,NA,0.328442283,379519,12.037656,13794815.2,3137.821429,35702421,105013264,1075452775,1106.76947,0.409860091,106092586,243019111,2098811912,5748.570514,81323.52729,29565.21516,2070648.315,2699.547449,6873595.925,376.78,0.58,3392288200,2957060050,1546707160,131933512,247762328,3462236626,953272,200468141,NA,419.535026,NA,827.2652479,NA,2691.579105,38841.62062
2005,109401.725,110525.208,15554.097,6884.804,107460.702,112581.242,17314.361,8718.754,19500.03134,173.2085292,1508.792601,13.7913054,759.5526313,6.872211734,310.0393243,19.93296842,509.7394357,74.03833656,1333.286987,12.40720526,691.585209,6.142987914,261.4870933,15.10232421,564.5399571,64.75007291,-340.5866,-0.000697293,1.58863e+11,488440.893,6.300352017,6.300352017,0.06300352,433.3154738,316.4125435,0.439882353,0.478403836,0.24837931,0.258322581,0.256319201,0.218451613,0.217351459,NA,199.3671205,0.072391304,0.074442857,154832,0.392132958,209466.6921,2193.259259,2722758,4858710,97564541,215.2686446,0.146462517,732981.984,1362642.874,272421.417,137123.297,681205.948,1316761.192,276066.68,165282.412,100072.9512,75.99931695,3959.019736,5.401251084,3994.114096,2.931152521,3896.3402,14.30262071,8747.016696,63.78942811,3488.556566,5.121148128,2618.483524,1.988578901,2572.955142,9.320049571,8979.58262,54.32872446,-3648.98208,-0.00073799,9.68551e+12,4944485.804,5.482429286,5.482429286,0.054824293,17132.86069,17445.58924,0.787756098,0.773722209,0.59135443,0.491415094,0.495054358,0.457801887,0.459914196,NA,6518.336727,0.219462857,0.222049898,491919,2.897139121,13998889.62,2659.157303,96560330,140991891,2143177457,481.4918623,0.267348592,103219.349,281726.757,95178.642,67213.995,97938.551,270413.838,98285.575,92725.173,13156.75742,48.65415732,69.69348,0.675197826,469.8567862,1.667774801,855.4104024,8.987419703,3392.550591,50.47387216,52.94995571,0.540644671,219.3223762,0.811061955,457.0285552,4.650006425,3863.681379,41.66809566,3979.8356,0.003596123,3.75749e+13,1106701.88,6.740127772,6.740127772,0.067401278,119895.1911,118298.8744,0.990079048,0.990011697,0.955,0.799689655,0.793336453,0.782172414,0.772990476,NA,40189.18523,0.335364706,0.334267647,380747,11.97119362,13816625.35,3151.053571,34712734,106102050,1018366995,1047.420087,0.41153159,108625306,248556505,2140619370,6103.240639,75220.28665,29884.63433,2040763.681,2764.900362,6870831.025,378.81,0.66,3386195500,2957262250,1554216620,134003457,253775344,3473300863,990573,202789979,NA,427.9853383,NA,838.2932609,NA,2710.481279,38803.24012
2006,112379.633,113670.247,15947.405,7143.18,110366.248,115798.794,17733.097,9020.794,19832.3879,171.2659279,1483.964452,13.20492346,760.1825523,6.68761239,314.04454,19.69251674,519.59265,72.73968317,1308.713658,11.85791564,691.3374715,5.970161239,264.53124,14.91737399,575.0597,63.74823547,-428.6226,-0.000853729,1.77932e+11,502059.398,NA,6.438095634,0.064380956,465.8895267,345.5159095,NA,0.489149083,NA,NA,0.260806021,NA,0.221573763,NA,213.2326761,NA,0.07636,155061,0.395533282,217201.3582,2214.296296,2627190,4895749,102221345,218.5882476,0.146927987,732211.391,1381224.631,281568.567,140593.912,679398.88,1334624.211,285544.329,169054.761,100083.0167,74.9896607,3831.05275,5.232167646,4034.17254,2.920721546,3942.05746,14.00034635,8911.47223,63.38448161,3370.17282,4.960521601,2633.0339,1.972865379,2598.01946,9.098480327,9135.54754,54.03898409,-3723.65952,-0.000744104,1.15206e+13,5004220.682,NA,5.483513576,0.054835136,22135.3263,21245.19616,NA,0.786463064,NA,NA,0.501446541,NA,0.465865409,NA,6766.353239,NA,0.227152704,497394,3.052334517,14924184.44,2685.175824,97705085,147593520,2229827285,494.6076617,0.268649336,103009.266,282782.976,97286.393,68779.595,97767.598,270824.551,100380.655,94165.014,13118.32437,48.4384607,64.98712,0.630886157,466.01254,1.647951184,853.5731,8.773817938,3418.75809,49.70599333,49.43578,0.505645848,217.8056,0.804231371,455.65194,4.539240554,3896.11954,41.37544694,4147.3192,0.003719582,3.96547e+13,1114996.048,NA,6.749842202,0.067498422,130667.5288,123497.0344,NA,0.990591726,NA,NA,0.79951931,NA,0.778998161,NA,41392.51853,NA,0.340093011,390050,11.91169817,13852212.46,3158.625,34386861,107256651,947800624,977.0834058,0.41319061,112885968,256208436,2201737470,6436.562122,68783.72453,30100.76949,2010662.912,2866.538617,6867964.486,380.93,0.61,3380744850,2957813650,1543801800,134725383,260843312,3491493519,1096811,211646623,NA,436.4675491,NA,849.8445918,NA,2729.492622,38764.19524
2007,115358.801,116899.995,16388.718,7397.197,113248.837,119147.602,18208.178,9328.137,20164.74446,169.2417146,1456.946517,12.62969539,757.9841411,6.484039123,318.0497557,19.40662813,529.4458643,71.57384943,1282.163264,11.32164619,687.8224395,5.772860116,267.5753867,14.69534111,585.5794429,62.77560491,-516.6586,-0.00100132,2.12962e+11,515977.465,NA,6.567811076,0.065678111,425.8838663,377.2961791,NA,0.49989433,NA,NA,0.265292842,NA,0.225796068,NA,230.7757472,NA,0.078277143,155107,0.391635458,221083.798,2241.185185,2772785,5041185,102882731,214.5378597,0.147380531,732132.255,1399190.343,291020.866,143743.112,678535.135,1351637.575,295412.094,172528.526,100266.8952,74.18179033,3703.085764,5.057946483,4074.230984,2.911848988,3987.77472,13.70271065,9075.927764,63.13991424,3251.789074,4.792366536,2647.584276,1.95879748,2623.083778,8.879405518,9291.51246,53.85493446,-3798.33696,-0.000750037,1.42975e+13,5064199.906,NA,5.500814671,0.055008147,29134.45808,25872.34824,NA,0.799203919,NA,NA,0.507838724,NA,0.471816622,NA,7018.441198,NA,0.23225551,510364,3.169696132,15679070.18,2707.285714,101173587,154685335,2291109418,502.9359795,0.269929577,102782.416,283938.834,99569.377,70296.074,97591.801,271239.897,102609.496,95607.66,13079.89132,48.22259361,60.28076,0.586489035,462.1682938,1.627703711,851.7357976,8.554194304,3444.965589,49.00651477,45.92160429,0.47054777,216.2888238,0.797407853,454.2753248,4.427224989,3928.557701,41.09040741,4314.8028,0.003840038,4.33382e+13,1123635.555,NA,6.76115304,0.06761153,151867.5794,128923.6063,NA,0.991171756,NA,NA,0.805702168,NA,0.785005846,NA,42621.40336,NA,0.345918375,364607,11.88297064,13928700.49,3172.142857,33999543,110001671,1034206389,1048.567392,0.414837289,117342574,265985702,2249687161,6688.159092,62095.56544,30050.38337,1980612.528,2941.323294,6865023.163,382.67,0.61,3377154270,2957834750,1545769320,137949933,271067209,3649015247,1338428,220819052,NA,444.9842915,NA,861.9209406,NA,2748.672584,38724.42218
2008,118337.63,120256.082,16872.666,7645.693,116116.452,122641.177,18727.678,9640.166,20497.10101,167.1306613,1427.721294,12.0648123,752.7501225,6.259559683,322.0549714,19.08737904,539.2990786,70.53632399,1253.627132,10.79629208,680.7840485,5.551023442,270.6195333,14.45024489,596.0991857,61.83495032,-604.6946,-0.001140422,2.56131e+11,530237.544,NA,6.68609568,0.066860957,561.5529019,411.9995719,NA,0.510639577,NA,NA,0.269779662,NA,0.230018372,NA,252.8375464,NA,0.080194286,167309,0.40195478,233225.8641,2262.703704,2697183,5294572,104049444,211.3037831,0.14782068,732949.882,1416212.952,300812.371,146743.086,678734.161,1367525.765,305658.02,175916.144,100643.4644,73.59529666,3575.118779,4.877712469,4114.289429,2.905134728,4033.491981,13.4086639,9240.383298,62.96980355,3133.405329,4.616542836,2662.134652,1.946679705,2648.148095,8.663761204,9447.477381,53.70443648,-3873.0144,-0.000755776,1.71697e+13,5124552.381,NA,5.535324165,0.055353242,38235.43532,31507.28278,NA,0.811944774,NA,NA,0.514230907,NA,0.477767835,NA,7274.061482,NA,0.237358316,491431,3.331870179,16673026.85,2716.43956,104655931,160755936,2448209726,529.5333897,0.271189795,102557.466,285033.916,101923.941,71846.351,97420.631,271562.117,104870.561,97131.763,13041.45828,48.02384965,55.5744,0.541885464,458.3240476,1.6079632,849.8984952,8.338556054,3471.173088,48.31383974,42.40742857,0.435302339,214.7720476,0.79087632,452.8987095,4.318644863,3960.995862,40.77961461,4482.2864,0.003958404,4.60304e+13,1132346.746,NA,6.773480987,0.06773481,166335.0717,134588.6267,NA,0.991751786,NA,NA,0.811885025,NA,0.791013531,NA,43874.6419,NA,0.351743739,366533,11.65239601,13772700.73,3174.232143,32752879,111460908,1080131291,1081.245725,0.416471765,120440163,273487540,2345914829,6951.254957,55144.31048,30319.62009,1950292.908,3045.439686,6861977.724,384.78,0.54,3369806280,2979383850,1550169240,140122691,278880966,3869971973,1368917,235741548,NA,453.5381986,NA,874.5240076,NA,2768.080614,38683.85718
2009,121311.408,123801.031,17390.006,7888.294,118974.433,126305.914,19273.595,9955.592,20829.45757,164.9127655,1396.271278,11.50981017,744.2732212,6.011849943,326.0601871,18.74986053,549.1522929,69.61610367,1223.096589,10.28033131,669.9662338,5.304314046,273.66368,14.19889128,606.6189286,60.93248182,-569.69948,-0.001045511,2.71567e+11,544900.273,NA,6.789546786,0.067895468,579.3483975,449.8949543,NA,0.521384824,NA,NA,0.274266482,NA,0.234240676,NA,280.3714348,NA,0.082111429,170034,0.387771546,231178.8968,2285.666667,2883161,5392219,111932635,220.6055327,0.148248936,734594.933,1432046.381,311147.27,149810.379,679765.9,1382147.538,316388.438,179523.416,101231.6021,73.24225476,3447.151793,4.692588579,4154.347873,2.900986957,4079.209241,13.11022025,9404.838831,62.77828609,3015.021583,4.435382214,2676.685029,1.9366131,2673.212413,8.449146972,9603.442301,53.49409295,-3646.84528,-0.000703288,1.67556e+13,5185424.255,NA,5.588033654,0.055880337,44689.94256,38369.49238,NA,0.82468563,NA,NA,0.520623091,NA,0.483719048,NA,7532.64202,NA,0.242461122,511797,3.37538082,17088221.52,2728.604396,108089756,166581164,2457706357,526.9341799,0.272430457,102346.878,285864.072,104198.727,73552.468,97252.645,271669.967,107011.378,98859.029,13003.02523,47.8633151,50.86804,0.49701604,454.4798014,1.589845825,848.0611929,8.138882473,3497.380587,47.54946615,38.89325286,0.399919744,213.2552714,0.784979193,451.5220943,4.219383983,3993.434023,40.39523818,4221.597,0.003700704,4.31407e+13,1140755.164,NA,6.786246745,0.067862467,151579.7858,140502.5732,NA,0.992331816,NA,NA,0.818067882,NA,0.797021215,NA,45150.90928,NA,0.357569103,371984,10.96010248,13051190.4,3170.642857,31951847,110324695,1064593507,1057.957121,0.418094172,123541314,277668356,2307194977,7066.146211,48078.16427,29668.75627,1920624.152,2952.762996,6859024.961,386.28,0.64,3324035410,2979314150,1549201230,142943648,283696642,3863919829,1397861,231531417,NA,462.1319036,NA,887.6554929,NA,2787.776163,38642.43644
2010,124280.21,127573.417,17933.496,8127.09,121823.518,130159.507,19835.029,10275.2,21161.81413,162.5836992,1362.578966,10.96376459,732.3461617,5.740585923,330.0654029,18.40496704,559.0055071,68.7829847,1190.562964,9.77284997,655.1129307,5.033154672,276.7078267,13.95046242,617.1386714,60.06098873,-534.70436,-0.000954816,2.92816e+11,560007.467,NA,6.87476173,0.068747617,544.4222716,491.2759228,0.551086957,0.532130071,0.34715,0.277709677,0.278753303,0.238032258,0.23846298,NA,314.409801,0.090134783,0.084028571,176340,0.387171698,237055.4303,2305.814815,2922451,5624851,121166579,231.6288418,0.148665776,736958.508,1446573.978,322158.759,153092.194,681449.493,1395429.653,327656.327,183562.669,102050.1862,73.13173117,3319.184807,4.503896449,4194.406317,2.899544981,4124.926502,12.80401785,9569.294365,62.50674261,2896.637837,4.2507007,2691.235405,1.928607006,2698.27673,8.23508203,9759.407222,53.16662301,-3420.67616,-0.000651945,2.04586e+13,5246881.581,NA,5.659934734,0.056599347,55552.25382,46726.27453,0.841530994,0.837426485,0.641569412,0.52540566,0.527015274,0.490764151,0.489670261,NA,7793.582589,0.250785714,0.247563928,501915,3.551377071,18189470.87,2742.956044,110757976,173024795,2489022839,528.467351,0.273652013,102129.929,286311.651,106299.109,75489.581,97061.5,271497.64,108928.85,100874.125,12964.59219,47.75213585,46.16168,0.451989739,450.6355552,1.573933697,846.2238905,7.960780654,3523.588086,46.67648223,35.37907714,0.364501652,211.7384952,0.77989074,450.145479,4.132472518,4025.872184,39.90985978,3960.9076,0.003448488,4.52068e+13,1148592.385,NA,6.798871013,0.06798871,150309.2729,146676.3839,0.991055208,0.992911846,0.964,0.825672414,0.824250739,0.808172414,0.8030289,NA,46448.75682,0.356913725,0.363394468,360193,11.26903541,13509175.77,3171.928571,31411974,111819779,1031337474,1022.616241,0.419704645,127079003,285074108,2401472935,7479.05994,40599.10433,30413.68841,1890210.464,3169.316116,6855855.644,388.56,0.7,3321977040,2979110550,1547464790,145110896,291449191,3885817681,979086,244292857,472,470.7680395,908,901.3170968,2817,2807.818681,38600.09618
2011,127334.321,131539.653,18425.864,8393.346,124765.343,134121.209,20370.137,10622.648,21494.17069,160.2592971,1326.626853,10.41845469,716.7616689,5.449015963,334.0706186,18.13052666,568.8587214,67.77496381,1156.017585,9.265534461,635.9680748,4.741741291,279.7519733,13.73343603,627.6584143,59.08681284,-499.70924,-0.000868195,3.29341e+11,575572.521,NA,6.938337853,0.069383379,621.1556495,536.4630788,NA,0.542875318,NA,NA,0.283240123,NA,0.242685284,347.6120186,355.9985172,NA,0.085945714,188178,0.352098092,221295.2928,2317.666667,2994228,5851425,118907699,221.9587408,0.14907165,740344.175,1459900.244,332752.126,157303.709,684320.316,1407366.689,338711.783,188275.359,103118.0946,73.2702397,3191.217821,4.310451719,4234.464761,2.900516511,4170.643762,12.53378547,9733.749899,61.8787056,2778.254091,4.059873756,2705.785781,1.922587626,2723.341048,8.040290255,9915.372142,52.66420521,-3194.50704,-0.000601718,2.41789e+13,5308974.401,NA,5.752019,0.05752019,62828.85497,56903.14353,NA,0.85016734,NA,NA,0.533407457,NA,0.495621474,7297.522513,8056.260173,NA,0.252666734,504167,3.797441545,19677764.73,2761.120879,117930191,176423332,2636900090,552.1318039,0.274854903,102059.187,286379.817,107957.619,77700.135,97029.793,271182.359,110472.561,102965.824,12926.15914,47.66592926,41.45532,0.406189009,446.791309,1.560135465,844.3865881,7.821463607,3549.795585,45.68583549,31.86490143,0.328403271,210.221719,0.775204257,448.7688638,4.062265415,4058.310345,39.41414915,3700.2182,0.003201581,4.87797e+13,1155747.295,NA,6.810774491,0.068107745,156439.838,153121.4774,NA,0.993491876,NA,NA,0.830433596,NA,0.809036585,47088.03289,47766.61658,NA,0.369219832,360375,11.02889626,13285754.11,3182.357143,31854032,112532389,1041710208,1026.25949,0.421303314,129638665,289474594,2456536697,7975.35313,32623.7512,30669.86244,1859540.601,3269.017768,6852586.627,390.44,0.58,3319783890,2979076950,1560438670,152778451,295699152,4050398016,892006,252880015,NA,479.4492396,NA,915.5105195,NA,2828.267617,38556.77262
2012,130341.713,135759.215,18957.107,8655.555,127667.552,138289.254,20930.389,10975.343,21826.52724,157.8324173,1288.397438,9.884766803,697.3124674,5.136391422,338.0758343,17.83372507,578.7119357,66.86017658,1119.45178,8.768490992,612.2756012,4.427499488,282.79612,13.51126919,638.1781571,58.1465342,-464.71412,-0.000785553,3.54484e+11,591576.128,NA,6.976872491,0.069768725,539.0582315,585.8065123,NA,0.553620565,NA,NA,0.287726943,NA,0.246907588,421.7856809,406.0902442,NA,0.087862857,184204,0.325237326,209746.1673,2330.555556,3005243,6071469,127674048,231.1634184,0.149466984,744465.292,1472025.23,344034.668,161541.815,687877.743,1418057.87,350340.319,193221.971,104454.2051,73.66004403,3063.250836,4.114699327,4274.523206,2.903838276,4216.361023,12.25562833,9898.205433,61.27333306,2659.870346,3.866777742,2720.336157,1.918353415,2748.405366,7.844958792,10071.33706,52.1231463,-2968.33792,-0.000552602,2.57333e+13,5371564.908,NA,5.865278047,0.05865278,70073.2657,69296.50985,NA,0.862908195,NA,NA,0.53979964,NA,0.501572687,9335.504614,8320.034778,NA,0.257769541,525220,3.89607686,20425563.41,2768.549451,121319267,182673927,2675025820,554.5905272,0.27603955,101811.649,286205.013,109479.654,80109.601,96822.023,270731.287,111826.566,105309.388,12887.7261,47.60338651,36.74896,0.360950445,442.9470629,1.547656549,842.5492857,7.695943994,3576.003084,44.63888273,28.35072571,0.29281278,208.7049429,0.770893328,447.3922486,4.00076891,4090.748506,38.8450506,3439.5288,0.002959256,4.8815e+13,1162295.181,NA,6.821377881,0.068213779,159223.4042,159849.7742,NA,0.994071906,NA,NA,0.836616453,NA,0.81504427,50756.19337,49102.8072,NA,0.375045196,366317,10.85609938,13158223.18,3186.946429,31050688,112999060,1004748379,988.387585,0.422890309,133001263,296365286,2508176970,8203.015309,24420.73589,31473.76621,1828066.835,3337.132959,6849249.494,392.45,0.62,3315544390,2979151250,1574172610,155375198,302739052,4056610041,994595,249161797,NA,488.178137,NA,930.2374611,NA,2849.182421,38512.40198
2013,133311.516,140195.235,19533.686,8913.302,130535.253,142639.475,21526.316,11332.581,22158.8838,155.3488878,1247.873215,9.360580785,673.7912818,4.806092602,342.08105,17.51236556,588.56515,66.03222352,1080.856876,8.280191373,583.7794455,4.092692051,285.8402667,13.27864306,648.6979,57.24184985,-429.719,-0.000706789,3.83254e+11,607987.364,NA,6.986962983,0.06986963,643.7897947,639.6885144,NA,0.564365812,NA,NA,0.292213763,NA,0.251129892,456.5796517,465.393714,NA,0.08978,175336,0.315277065,208571.7389,2320.37037,3047236,6190612,128242083,226.1230071,0.149852184,749003.858,1483094.086,355722.258,166065.228,691870.327,1427597.75,362307.772,198626.24,106077.3956,74.30482122,2935.28385,3.918916864,4314.58165,2.909175952,4262.078283,11.98147765,10062.66097,60.59462952,2541.4866,3.673356843,2734.886533,1.915726284,2773.469683,7.655010181,10227.30198,51.4901857,-2742.1688,-0.000504605,2.72782e+13,5434287.519,NA,6.000703471,0.060007035,77989.26579,84389.12123,NA,0.87564905,NA,NA,0.546191824,NA,0.5075239,8822.746469,8584.2556,NA,0.262872347,533645,3.872647814,20540640.11,2786.494505,121314359,188324975,2810288977,574.1191095,0.277206367,101515.278,285800.823,110889.92,82647.416,96551.099,270118.542,113009.732,107851.212,12849.29305,47.56908931,32.0426,0.315643129,439.1028167,1.536394514,840.7119833,7.581500495,3602.210583,43.58527777,24.83655,0.257237362,207.1881667,0.767026821,446.0156333,3.946701098,4123.186667,38.23032296,3178.8394,0.002720715,4.93456e+13,1168384.022,NA,6.830101883,0.068301019,157693.3266,166873.7185,NA,0.994651935,NA,NA,0.84279931,NA,0.821051954,49172.99329,50455.54103,NA,0.38087056,360945,10.77242755,13137588.57,NA,30486626,113435601,1119350383,1081.213528,0.424465757,NA,NA,NA,8270.913104,16149.82279,31597.89097,1796468.944,3376.188647,6845873.305,NA,NA,3309699230,2979367150,1576531910,154848221,309121367,4315081835,1170180,257200397,NA,496.9573647,NA,945.4996217,NA,2870.622545,38466.92047
2014,136257.302,144792.352,20166.436,9164.749,133373.397,147137.671,22177.309,11690.681,22491.24036,152.8584774,1205.036682,8.843831958,645.9908369,4.461498332,346.0862657,17.16149873,598.4183643,65.29566323,1040.224201,7.799337985,550.2235429,3.739515102,288.8844133,13.02612564,659.2176429,56.38830132,NA,NA,4.13027e+11,NA,NA,6.965206667,0.069652067,917.1733763,698.5265387,NA,0.575111059,NA,NA,0.296700584,NA,0.255352197,535.4222081,534.1887059,NA,0.091697143,179427,0.320595161,217546.9237,NA,NA,NA,NA,NA,0.150227635,753422.205,1493421.338,367391.206,171252.093,695873.464,1436211.319,374257.451,204819.587,108006.5438,75.20240397,2807.316864,3.72608724,4354.640094,2.915881797,4307.795544,11.72536379,10227.1165,59.71965844,2423.102854,3.482102681,2749.43691,1.914367944,2798.534001,7.477563889,10383.2669,50.69469701,NA,NA,2.82928e+13,NA,NA,6.159286869,0.061592869,89054.88611,102768.8667,NA,0.888389906,NA,NA,0.552584007,NA,0.513475112,8349.925463,8848.267419,NA,0.267975153,527893,3.87412782,20786783.32,NA,NA,NA,NA,NA,0.278355753,101310.618,285237.736,112245.87,85195.462,96351.212,269351.679,114079.989,110476.327,12810.86,47.56183459,27.33624,0.269826012,435.2585705,1.525950166,838.874681,7.473546073,3628.418082,42.58933513,21.32237429,0.221298454,205.6713905,0.763579389,444.6390181,3.897607477,4155.624828,37.61552308,NA,NA,5.03596e+13,NA,NA,6.836367196,0.068363672,164029.2841,174206.3013,NA,0.995231965,NA,NA,0.848982168,NA,0.827059639,52130.0719,51822.93262,NA,0.386695924,360065,10.71038322,13143909.71,NA,NA,NA,NA,NA,0.426029784,NA,NA,NA,8195.671823,7954.150963,32383.00059,1764085.943,3446.864552,6842426.44,NA,NA,3315542090,2979314750,1584563080,NA,NA,NA,NA,NA,NA,505.789556,NA,961.2987017,NA,2892.647437,38420.26431
2015,139181.774,149517.053,20860.407,9410.859,136183.505,151762.142,22893.669,12049.198,22823.59691,150.3905824,1159.870335,8.333492966,613.7038573,4.104574328,350.0914814,16.78258154,608.2715786,64.63507514,997.5450844,7.325006684,511.3518288,3.369429438,291.92856,12.75149737,669.7373857,55.58356546,NA,NA,4.03749e+11,NA,6.839594522,6.908200882,0.069082009,302.3017053,762.7764362,0.630625,0.585856306,0.453066667,0.305548387,0.301187404,0.264451613,0.259574501,NA,612.135505,NA,0.093614286,176067,NA,NA,NA,NA,NA,NA,NA,0.150593702,757343.178,1503222.136,378763.942,177332.555,699561.716,1444087.564,385930.198,212022.626,110260.5277,76.35307609,2679.349879,3.537827971,4394.698539,2.923519042,4353.512804,11.49400015,10391.57203,58.59934762,2304.719109,3.294518633,2763.987286,1.914002554,2823.598319,7.316344596,10539.23182,49.7080525,NA,NA,2.67961e+13,NA,6.342019834,6.342019834,0.063420198,101537.7551,125151.676,0.869756,0.901130761,0.6324,0.564254717,0.55897619,0.521556604,0.519426325,NA,9111.417086,NA,0.273077959,537050,NA,NA,NA,NA,NA,NA,NA,0.279488095,101254.707,284589.649,113589.534,87688.92,96279.399,268458.389,115084.08,113116.232,12772.42696,47.57693364,22.62988,0.223494598,431.4143243,1.515917131,837.0373786,7.368965688,3654.625581,41.67716493,17.80819857,0.184963749,204.1546143,0.760470235,443.2624029,3.851639626,4188.062989,37.02442094,NA,NA,4.75812e+13,NA,6.839594522,6.839594522,0.068395945,153155.0855,181861.0844,0.996,0.995811995,NA,0.848086207,0.855165025,0.820982759,0.833067324,NA,53203.00823,NA,0.392521288,358390,NA,NA,NA,NA,NA,NA,NA,0.427582512,NA,NA,NA,7954.150963,NA,33414.6966,1730671.247,3519.428561,6838907.012,NA,NA,NA,NA,NA,NA,NA,NA,NA,NA,NA,514.6773439,NA,977.6364012,NA,2915.316548,38372.36971
